timestamp,x,y,z
2024-08-28T13:18:16.846535,-0.92,-0.92,-0.98
2024-08-28T13:18:17.092237,-1.1,-0.67,-1.04
2024-08-28T13:18:17.335938,-0.98,-0.37,-0.98
2024-08-28T13:18:17.615247,-0.67,-0.49,-0.85
2024-08-28T13:18:17.865730,-0.67,-0.61,-0.92
2024-08-28T13:18:18.109827,-1.1,-0.67,-1.22
2024-08-28T13:18:18.354695,-1.46,-0.92,-1.22
2024-08-28T13:18:18.596206,-0.79,-0.73,-0.98
2024-08-28T13:18:18.840244,-0.31,-0.79,-0.79
2024-08-28T13:18:19.096187,-0.73,-0.73,-0.85
2024-08-28T13:18:19.346493,-0.79,-0.79,-0.92
2024-08-28T13:18:19.585698,-0.92,-0.67,-0.98
2024-08-28T13:18:19.833096,-0.55,-0.61,-0.85
2024-08-28T13:18:20.099472,-0.43,-0.73,-0.85
2024-08-28T13:18:20.368419,-0.43,-0.61,-0.98
2024-08-28T13:18:20.615002,-0.55,-0.67,-0.98
2024-08-28T13:18:20.849988,-0.49,-0.55,-0.98
2024-08-28T13:18:21.239590,-0.85,-0.67,-0.98
2024-08-28T13:18:21.483229,-0.79,-0.79,-0.85
2024-08-28T13:18:21.740811,-0.37,-0.67,-0.79
2024-08-28T13:18:21.982243,-0.85,-0.55,-0.85
2024-08-28T13:18:22.229699,-0.73,-0.61,-0.92
2024-08-28T13:18:22.470694,0.18,-0.55,-0.73
2024-08-28T13:18:22.717890,-0.49,-0.67,-1.1
2024-08-28T13:18:22.969809,-1.04,-0.79,-1.16
2024-08-28T13:18:23.221233,-0.55,-0.55,-0.92
2024-08-28T13:18:23.467594,-0.24,-0.55,-0.73
2024-08-28T13:18:23.726951,-0.37,-0.55,-0.92
2024-08-28T13:18:23.996858,-0.49,-0.37,-1.04
2024-08-28T13:18:24.233955,-0.49,-0.49,-0.98
2024-08-28T13:18:24.479859,-0.31,-0.49,-0.85
2024-08-28T13:18:24.725536,-0.37,-0.55,-0.85
2024-08-28T13:18:24.969574,-0.49,-0.49,-0.92
2024-08-28T13:18:25.202380,-0.43,-0.49,-0.85
2024-08-28T13:18:25.450659,-0.55,-0.61,-0.92
2024-08-28T13:18:25.696417,-0.43,-0.49,-0.92
2024-08-28T13:18:25.941088,-0.61,-0.55,-0.98
2024-08-28T13:18:26.198040,-0.55,-0.67,-0.85
2024-08-28T13:18:26.440685,-0.37,-0.55,-0.85
2024-08-28T13:18:26.692729,-0.61,-0.49,-0.85
2024-08-28T13:18:26.932409,-0.43,-0.43,-0.92
2024-08-28T13:18:27.178437,-0.55,-0.49,-1.04
2024-08-28T13:18:27.425730,-0.61,-0.55,-1.04
2024-08-28T13:18:27.667941,-0.85,-0.49,-0.98
2024-08-28T13:18:27.914642,-0.92,-0.55,-0.79
2024-08-28T13:18:28.160920,-1.04,-0.79,-0.85
2024-08-28T13:18:28.418573,-0.98,-0.73,-0.92
2024-08-28T13:18:28.658555,-0.92,-0.55,-0.98
2024-08-28T13:18:28.899533,-0.98,-0.67,-0.92
2024-08-28T13:18:29.160290,-0.73,-0.61,-0.85
2024-08-28T13:18:29.408898,-0.31,-0.43,-0.85
2024-08-28T13:18:29.654179,-0.18,-0.43,-0.92
2024-08-28T13:18:29.900720,-0.24,-0.61,-0.85
2024-08-28T13:18:30.144612,0.06,-0.43,-0.98
2024-08-28T13:18:30.379281,-0.43,-0.55,-0.98
2024-08-28T13:18:30.622331,-0.18,-0.49,-0.98
2024-08-28T13:18:30.870198,-0.06,-0.67,-0.92
2024-08-28T13:18:31.120691,-0.31,-0.73,-1.1
2024-08-28T13:18:31.367585,-0.67,-0.31,-1.22
2024-08-28T13:18:31.612489,-0.79,-0.18,-1.1
2024-08-28T13:18:31.851880,-0.61,-0.61,-0.85
2024-08-28T13:18:32.120789,-0.49,-0.79,-0.73
2024-08-28T13:18:32.366581,-0.49,-0.73,-0.98
2024-08-28T13:18:32.617900,-0.61,-0.73,-0.79
2024-08-28T13:18:32.883644,-0.43,-0.49,-0.73
2024-08-28T13:18:33.132899,-0.37,-0.31,-0.79
2024-08-28T13:18:33.385609,-0.73,-0.49,-0.73
2024-08-28T13:18:33.623349,-0.67,-0.43,-1.04
2024-08-28T13:18:33.868357,-0.67,-0.55,-1.04
2024-08-28T13:18:34.106485,-0.43,-0.73,-0.92
2024-08-28T13:18:34.351521,-0.49,-0.67,-0.85
2024-08-28T13:18:34.593856,-0.67,-0.49,-0.98
2024-08-28T13:18:34.832793,-0.92,-0.43,-0.98
2024-08-28T13:18:35.078856,-0.37,-0.31,-0.85
2024-08-28T13:18:35.318596,-0.37,-0.73,-0.85
2024-08-28T13:18:35.561766,-0.49,-0.67,-1.1
2024-08-28T13:18:35.801347,-0.43,-0.37,-1.1
2024-08-28T13:18:36.050396,-0.31,-0.55,-0.92
2024-08-28T13:18:36.287154,-0.24,-0.55,-0.85
2024-08-28T13:18:36.521434,-0.49,-0.43,-0.98
2024-08-28T13:18:36.761991,-0.37,-0.37,-1.04
2024-08-28T13:18:37.014041,-0.37,-0.43,-0.92
2024-08-28T13:18:37.268741,-0.18,-0.49,-0.85
2024-08-28T13:18:37.516693,-0.55,-0.43,-0.98
2024-08-28T13:18:37.765904,-0.55,-0.55,-0.98
2024-08-28T13:18:38.003316,-0.49,-0.61,-0.98
2024-08-28T13:18:38.248072,-0.43,-0.73,-0.98
2024-08-28T13:18:38.489835,-0.67,-0.61,-0.98
2024-08-28T13:18:38.726711,-0.37,-0.43,-0.92
2024-08-28T13:18:38.966392,-0.55,-0.43,-0.85
2024-08-28T13:18:39.194076,-0.61,-0.31,-1.04
2024-08-28T13:18:39.448725,-0.43,-0.55,-0.85
2024-08-28T13:18:39.699880,0.12,-0.85,-0.61
2024-08-28T13:18:39.935866,-0.37,-0.73,-0.73
2024-08-28T13:18:40.185853,-0.79,-0.37,-0.92
2024-08-28T13:18:40.419536,-0.79,-0.31,-0.98
2024-08-28T13:18:40.684711,0.0,-0.24,-0.67
2024-08-28T13:18:40.921054,-0.06,-0.49,-0.67
2024-08-28T13:18:41.172204,0.06,-0.61,-0.85
2024-08-28T13:18:41.428422,-0.61,-0.24,-1.28
2024-08-28T13:18:41.879288,0.0,-0.24,-1.04
2024-08-28T13:18:42.123591,0.18,-0.49,-0.67
2024-08-28T13:18:42.363582,0.37,-0.73,-0.43
2024-08-28T13:18:42.604112,0.43,-0.49,-0.73
2024-08-28T13:18:42.846558,-0.24,-0.43,-1.16
2024-08-28T13:18:43.079347,-0.18,-0.43,-0.92
2024-08-28T13:18:43.319909,0.18,-0.55,-0.79
2024-08-28T13:18:43.557459,0.31,-0.61,-0.79
2024-08-28T13:18:43.801584,0.18,-0.49,-1.04
2024-08-28T13:18:44.054148,-0.06,-0.37,-1.16
2024-08-28T13:18:44.293832,0.0,-0.37,-0.98
2024-08-28T13:18:44.528175,0.43,-0.43,-0.85
2024-08-28T13:18:44.761573,0.0,-0.43,-0.98
2024-08-28T13:18:45.014980,-0.06,-0.37,-1.04
2024-08-28T13:18:45.257674,-0.18,-0.55,-0.85
2024-08-28T13:18:45.489724,-0.37,-0.67,-0.92
2024-08-28T13:18:45.735117,-0.12,-0.55,-0.98
2024-08-28T13:18:45.969256,-0.79,-0.43,-1.16
2024-08-28T13:18:46.199215,-0.18,-0.49,-0.79
2024-08-28T13:18:46.782688,0.67,0.0,-0.73
2024-08-28T13:18:47.032960,-0.49,-0.49,-0.92
2024-08-28T13:18:47.272675,-0.06,-0.18,-0.85
2024-08-28T13:18:47.500445,0.06,-0.61,-0.73
2024-08-28T13:18:47.736322,-0.12,-0.31,-0.85
2024-08-28T13:18:47.985517,-0.43,-0.49,-0.85
2024-08-28T13:18:48.219968,-0.06,-0.24,-0.73
2024-08-28T13:18:48.467273,-0.06,-0.49,-0.79
2024-08-28T13:18:49.021927,0.12,-0.18,-0.98
2024-08-28T13:18:49.268136,-0.37,-0.31,-1.1
2024-08-28T13:18:49.515003,0.18,-0.43,-0.98
2024-08-28T13:18:49.757005,0.06,-0.55,-0.79
2024-08-28T13:18:49.983073,0.18,-0.43,-0.79
2024-08-28T13:18:50.218840,-0.12,-0.43,-0.79
2024-08-28T13:18:50.456926,0.18,0.06,-0.73
2024-08-28T13:18:50.698861,-0.37,-0.67,-0.79
2024-08-28T13:18:50.935719,0.18,-0.61,-0.98
2024-08-28T13:18:51.168777,-0.18,-0.98,-0.92
2024-08-28T13:18:51.394971,0.18,-0.37,-1.1
2024-08-28T13:18:51.626190,-0.49,-0.31,-1.1
2024-08-28T13:18:51.859347,-0.43,-0.43,-1.04
2024-08-28T13:18:52.091351,-0.61,-0.55,-1.1
2024-08-28T13:18:52.322968,-0.73,-0.73,-1.04
2024-08-28T13:18:52.550454,-1.16,-0.98,-1.04
2024-08-28T13:18:52.776984,-2.14,-0.79,-1.1
2024-08-28T13:18:53.029310,-1.22,-0.73,-0.92
2024-08-28T13:18:53.254995,-0.61,-0.67,-0.61
2024-08-28T13:18:53.496336,-0.85,-0.92,-0.73
2024-08-28T13:18:53.735128,-0.73,-0.73,-0.98
2024-08-28T13:18:53.960953,-0.73,-0.67,-1.1
2024-08-28T13:18:54.219824,-0.67,-0.55,-0.92
2024-08-28T13:18:54.464401,-1.1,-0.49,-0.79
2024-08-28T13:18:54.696320,-0.98,-0.55,-0.73
2024-08-28T13:18:54.945304,-0.92,-0.92,-0.67
2024-08-28T13:18:55.197307,-0.06,-0.98,-0.79
2024-08-28T13:18:55.429416,-0.12,-0.49,-1.1
2024-08-28T13:18:55.673652,-0.67,-0.49,-1.22
2024-08-28T13:18:55.922390,-1.04,-0.79,-1.04
2024-08-28T13:18:56.153489,-0.06,-0.49,-0.92
2024-08-28T13:18:56.383167,-0.61,-0.85,-1.22
2024-08-28T13:18:56.634328,-0.61,-0.61,-1.28
2024-08-28T13:18:56.881637,-0.92,-0.67,-1.1
2024-08-28T13:18:57.133885,-0.55,-0.43,-0.85
2024-08-28T13:18:57.371391,-0.85,-0.92,-0.67
2024-08-28T13:18:57.603176,-1.59,-0.85,-0.73
2024-08-28T13:18:57.833601,-1.04,-0.61,-1.1
2024-08-28T13:18:58.072516,-1.77,-0.67,-1.1
2024-08-28T13:18:58.315869,-0.31,-0.49,-0.67
2024-08-28T13:18:58.554248,-0.85,-0.61,-0.49
2024-08-28T13:18:58.801832,0.06,-0.79,-0.43
2024-08-28T13:18:59.082996,-0.06,-0.61,-0.92
2024-08-28T13:18:59.330011,-1.22,-0.06,-1.34
2024-08-28T13:18:59.573214,0.18,-0.18,-0.73
2024-08-28T13:18:59.809303,-0.31,-0.92,-0.43
2024-08-28T13:19:00.042851,0.0,-0.92,-0.79
2024-08-28T13:19:00.285347,-0.79,-0.61,-1.59
2024-08-28T13:19:00.518535,-0.92,-0.61,-1.53
2024-08-28T13:19:00.754728,-1.16,-0.73,-1.16
2024-08-28T13:19:00.983082,-0.79,-0.79,-0.79
2024-08-28T13:19:01.223158,-0.31,-1.04,-0.61
2024-08-28T13:19:01.479383,0.12,-0.85,-0.73
2024-08-28T13:19:01.714794,-0.06,-0.43,-0.98
2024-08-28T13:19:01.944412,0.31,-0.18,-1.04
2024-08-28T13:19:02.177813,0.06,-0.37,-0.98
2024-08-28T13:19:02.418993,0.06,-0.55,-0.85
2024-08-28T13:19:02.697195,-0.61,-0.85,-0.85
2024-08-28T13:19:02.932500,-0.49,-0.79,-0.92
2024-08-28T13:19:03.160668,-1.16,-1.16,-1.04
2024-08-28T13:19:03.393701,-0.55,-0.67,-0.98
2024-08-28T13:19:03.634455,-0.55,-0.67,-0.85
2024-08-28T13:19:03.879223,-0.18,-0.55,-0.73
2024-08-28T13:19:04.133241,-0.37,-0.61,-0.92
2024-08-28T13:19:04.373670,-0.61,-0.49,-0.98
2024-08-28T13:19:04.605377,-0.43,-0.49,-0.98
2024-08-28T13:19:04.839762,-0.61,-0.49,-0.98
2024-08-28T13:19:05.069599,-0.61,-0.43,-1.04
2024-08-28T13:19:05.320775,-0.49,-0.43,-0.98
2024-08-28T13:19:05.547083,-1.28,-0.85,-0.98
2024-08-28T13:19:05.813808,-0.24,-0.67,-1.04
2024-08-28T13:19:06.054930,-1.04,-0.85,-0.85
2024-08-28T13:19:07.180355,-1.1,-0.55,-0.85
2024-08-28T13:19:07.650129,-0.98,-0.61,-0.73
2024-08-28T13:19:07.884403,-0.92,-0.85,-0.79
2024-08-28T13:19:08.129082,-0.49,-0.43,-0.85
2024-08-28T13:19:08.378320,-0.43,-0.37,-0.79
2024-08-28T13:19:08.622882,-0.49,-0.73,-0.73
2024-08-28T13:19:08.867714,-0.98,-0.49,-1.04
2024-08-28T13:19:09.112002,-0.43,-0.12,-1.16
2024-08-28T13:19:09.356524,-0.12,-0.37,-0.79
2024-08-28T13:19:09.608340,-0.43,-0.55,-0.98
2024-08-28T13:19:09.845365,-0.43,-0.55,-1.16
2024-08-28T13:19:10.110838,-0.24,-0.61,-1.04
2024-08-28T13:19:10.408171,-0.43,-0.67,-0.79
2024-08-28T13:19:10.954854,-0.73,-0.55,-0.73
2024-08-28T13:19:11.464132,-0.55,-0.61,-0.73
2024-08-28T13:19:11.707766,-0.18,-0.67,-0.79
2024-08-28T13:19:11.966568,-0.43,-0.55,-0.98
2024-08-28T13:19:12.205086,-0.67,-0.37,-1.16
2024-08-28T13:19:12.434204,-0.55,-0.43,-1.1
2024-08-28T13:21:07.345081,-0.37,-0.49,-0.92
2024-08-28T13:21:09.040454,-0.31,-0.24,-0.98
2024-08-28T13:21:09.291212,-0.55,0.12,-1.1
2024-08-28T13:21:09.529532,-0.43,-0.12,-0.92
2024-08-28T13:21:09.753414,0.0,-0.06,-0.92
2024-08-28T13:21:09.996681,0.06,-0.18,-0.85
2024-08-28T13:21:10.224489,0.06,-0.06,-0.92
2024-08-28T13:21:10.454650,0.31,-0.12,-0.98
2024-08-28T13:21:10.690585,0.24,-0.37,-1.04
2024-08-28T13:21:10.923256,0.79,-0.55,-0.98
2024-08-28T13:21:11.160452,0.0,-0.55,-1.04
2024-08-28T13:21:11.408012,-0.61,-0.37,-0.92
2024-08-28T13:21:11.658262,-0.49,-0.43,-0.92
2024-08-28T13:21:11.895718,-0.79,-0.98,-0.73
2024-08-28T13:21:12.128346,-0.31,-0.79,-0.73
2024-08-28T13:21:12.357968,-0.79,-0.37,-0.98
2024-08-28T13:21:12.580415,-0.61,-0.12,-0.98
2024-08-28T13:21:12.822782,-0.98,-0.31,-0.85
2024-08-28T13:21:13.056243,-0.49,-0.18,-0.92
2024-08-28T13:21:13.305146,-0.12,-0.49,-0.85
2024-08-28T13:21:13.540726,-0.55,-0.79,-0.73
2024-08-28T13:21:13.773837,-0.67,-0.49,-0.85
2024-08-28T13:21:14.004385,-0.92,-0.31,-0.92
2024-08-28T13:21:14.222069,-1.22,-0.31,-1.04
2024-08-28T13:21:14.453384,-0.06,-0.73,-0.85
2024-08-28T13:21:14.697438,0.06,-0.61,-0.92
2024-08-28T13:21:14.935145,-0.18,-0.43,-1.04
2024-08-28T13:21:15.183248,-0.06,-0.37,-0.85
2024-08-28T13:21:15.416614,0.18,-0.67,-0.79
2024-08-28T13:21:15.665093,0.67,-0.92,-0.85
2024-08-28T13:21:15.901994,0.55,-0.49,-1.1
2024-08-28T13:21:16.138064,0.0,-0.06,-1.28
2024-08-28T13:21:16.375966,-0.73,-0.12,-1.16
2024-08-28T13:21:16.609049,-0.55,-0.61,-0.92
2024-08-28T13:21:17.220377,-0.37,-0.92,-0.85
2024-08-28T13:21:17.457825,-0.79,-0.85,-1.04
2024-08-28T13:21:17.690749,-0.49,-0.49,-0.98
2024-08-28T13:21:17.924747,-0.98,-0.24,-0.98
2024-08-28T13:21:18.192469,-1.16,-0.49,-0.85
2024-08-28T13:21:18.423841,-0.73,-0.61,-0.85
2024-08-28T13:21:18.650830,-0.49,-0.85,-0.85
2024-08-28T13:21:18.881056,-0.37,-0.67,-1.04
2024-08-28T13:21:19.112235,-0.85,-0.49,-0.98
2024-08-28T13:21:19.352221,-0.85,-0.43,-0.85
2024-08-28T13:21:19.575930,-0.85,-0.55,-0.79
2024-08-28T13:21:19.818250,0.06,-0.61,-0.85
2024-08-28T13:21:20.068424,0.06,-0.61,-0.92
2024-08-28T13:21:20.316999,0.06,-0.43,-0.92
2024-08-28T13:21:20.556242,-0.18,-0.43,-0.85
2024-08-28T13:21:20.772894,-0.12,-0.55,-0.92
2024-08-28T13:21:21.019549,-0.18,-0.67,-0.92
2024-08-28T13:21:21.258264,-0.12,-0.61,-0.92
2024-08-28T13:21:21.473621,-0.61,-0.61,-0.98
2024-08-28T13:21:21.721957,-0.61,-0.67,-0.79
2024-08-28T13:21:21.975052,-0.55,-0.61,-0.79
2024-08-28T13:21:22.209971,-0.31,-0.55,-0.92
2024-08-28T13:21:22.442835,-0.43,-0.49,-0.98
2024-08-28T13:21:22.672704,-0.24,-0.49,-0.98
2024-08-28T13:21:22.912271,-0.37,-0.61,-0.98
2024-08-28T13:21:23.144475,-0.43,-0.67,-0.92
2024-08-28T13:21:23.372972,-0.55,-0.73,-0.85
2024-08-28T13:21:23.608263,-0.79,-0.49,-1.1
2024-08-28T13:21:23.844865,-1.71,-0.06,-1.46
2024-08-28T13:21:24.074894,-1.71,-0.98,-1.22
2024-08-28T13:21:24.301920,-1.04,-0.61,-1.04
2024-08-28T13:21:24.536634,0.12,-0.43,-0.85
2024-08-28T13:21:24.764960,-0.49,-0.43,-1.04
2024-08-28T13:21:24.989988,-0.67,-0.73,-0.92
2024-08-28T13:21:25.210427,-0.18,-0.85,-0.85
2024-08-28T13:21:25.478644,-0.43,-0.61,-0.98
2024-08-28T13:21:25.703552,-0.85,-0.37,-1.1
2024-08-28T13:21:25.940741,-0.49,-0.55,-0.92
2024-08-28T13:21:26.163687,-0.37,-0.67,-0.85
2024-08-28T13:21:26.383702,-0.18,-0.67,-0.92
2024-08-28T13:21:26.622811,-0.37,-0.49,-0.98
2024-08-28T13:21:26.848899,-0.31,-0.43,-0.98
2024-08-28T13:21:27.080049,-0.61,-0.43,-0.92
2024-08-28T13:21:27.308993,-0.61,-0.67,-0.85
2024-08-28T13:21:27.532292,-0.18,-0.73,-0.79
2024-08-28T13:21:27.779026,-0.18,-0.61,-0.85
2024-08-28T13:21:28.002381,-0.79,-0.37,-0.98
2024-08-28T13:21:28.224272,-0.49,-0.37,-0.98
2024-08-28T13:21:57.525590,-0.73,-0.49,-1.16
2024-08-28T13:21:58.256942,-1.4,-0.73,-1.28
2024-08-28T13:21:58.496605,0.0,-0.55,-1.1
2024-08-28T13:21:58.732993,-0.12,-0.73,-1.1
2024-08-28T13:21:58.955148,-0.67,-0.49,-1.1
2024-08-28T13:21:59.190611,-1.1,-0.67,-0.98
2024-08-28T13:21:59.460283,-0.43,-0.73,-0.79
2024-08-28T13:21:59.692336,-0.24,-0.79,-0.73
2024-08-28T13:21:59.926161,-0.18,-0.67,-0.98
2024-08-28T13:22:00.173936,-0.79,-0.79,-1.04
2024-08-28T13:22:00.421598,-0.49,-0.61,-1.04
2024-08-28T13:22:00.660597,-0.67,-0.55,-0.98
2024-08-28T13:22:00.891529,-0.55,-0.55,-0.92
2024-08-28T13:22:01.138027,-0.67,-0.67,-0.85
2024-08-28T13:22:01.388702,-0.37,-0.67,-0.92
2024-08-28T13:22:01.621969,-0.43,-0.49,-1.04
2024-08-28T13:22:01.856212,-0.67,-0.43,-1.04
2024-08-28T13:22:02.090535,-0.55,-0.61,-0.92
2024-08-28T13:22:02.338124,-0.06,-0.85,-0.79
2024-08-28T13:22:02.575446,-0.73,-0.67,-0.98
2024-08-28T13:22:02.821648,-0.61,-0.49,-1.04
2024-08-28T13:22:03.058285,-0.85,-0.67,-0.92
2024-08-28T13:22:03.310576,0.12,-0.92,-0.61
2024-08-28T13:22:03.554778,-0.37,-0.79,-0.85
2024-08-28T13:22:03.793319,-0.73,-0.55,-1.1
2024-08-28T13:22:04.022387,-0.43,-0.67,-0.92
2024-08-28T13:22:04.274271,-0.73,-0.73,-0.79
2024-08-28T13:22:04.531737,-0.43,-0.79,-0.73
2024-08-28T13:22:04.758995,-0.85,-0.67,-0.98
2024-08-28T13:22:04.994583,-0.49,-0.43,-1.04
2024-08-28T13:22:05.227291,-0.55,-0.43,-0.98
2024-08-28T13:22:05.455161,-0.06,-0.37,-0.98
2024-08-28T13:22:05.688516,-0.61,-0.31,-1.16
2024-08-28T13:22:05.941549,-0.37,-0.43,-0.98
2024-08-28T13:22:06.178162,-0.12,-0.73,-0.79
2024-08-28T13:22:06.412216,-0.18,-0.79,-0.79
2024-08-28T13:22:07.576540,-0.55,-0.55,-0.98
2024-08-28T13:22:07.822060,-0.98,-0.37,-1.04
2024-08-28T13:22:08.058792,-0.61,-0.61,-0.98
2024-08-28T13:22:08.306105,-0.31,-0.79,-0.73
2024-08-28T13:22:08.555283,-0.49,-0.85,-0.73
2024-08-28T13:22:08.797020,-0.06,-0.85,-0.79
2024-08-28T13:22:09.022576,-0.49,-0.43,-0.92
2024-08-28T13:22:09.257326,-0.98,-0.55,-0.92
2024-08-28T13:22:09.492814,-0.31,-0.55,-0.98
2024-08-28T13:22:09.726578,0.18,-0.61,-0.85
2024-08-28T13:22:09.967129,-0.49,-0.55,-1.04
2024-08-28T13:22:10.203367,0.31,-0.43,-0.92
2024-08-28T13:22:10.430608,-0.24,-0.43,-0.79
2024-08-28T13:22:10.674463,0.31,-0.37,-0.67
2024-08-28T13:22:10.902418,-0.06,-0.43,-0.79
2024-08-28T13:22:11.137121,-0.18,-0.55,-0.92
2024-08-28T13:22:11.574998,-0.43,-0.49,-1.04
2024-08-28T13:22:11.804806,-0.24,-0.55,-0.98
2024-08-28T13:22:12.041351,-0.31,-0.37,-0.98
2024-08-28T13:22:12.294480,-0.31,-0.31,-0.92
2024-08-28T13:22:12.517804,-0.24,-0.31,-0.98
2024-08-28T13:22:12.760410,-0.37,-0.31,-1.04
2024-08-28T13:22:12.999520,0.12,-0.24,-1.1
2024-08-28T13:22:13.222527,-0.61,-0.43,-1.1
2024-08-28T13:22:13.492892,-0.18,-0.55,-0.92
2024-08-28T13:22:13.743872,-0.06,-0.67,-0.73
2024-08-28T13:22:13.997271,0.06,-0.43,-0.92
2024-08-28T13:22:14.427958,0.0,-0.43,-0.98
2024-08-28T13:22:14.666359,-0.06,-0.18,-1.1
2024-08-28T13:22:14.904058,-0.18,-0.18,-1.1
2024-08-28T13:22:15.129879,-0.43,-0.31,-1.1
2024-08-28T13:22:15.363272,-0.61,-0.67,-1.04
2024-08-28T13:22:15.608968,-0.37,-1.1,-0.98
2024-08-28T13:22:15.841141,-0.98,-0.67,-1.04
2024-08-28T13:22:16.082569,0.24,-0.24,-0.61
2024-08-28T13:22:16.330820,-0.31,-0.55,-0.67
2024-08-28T13:22:16.570393,-0.55,-1.16,-0.67
2024-08-28T13:22:16.818664,0.12,-0.55,-1.04
2024-08-28T13:22:17.074669,-0.12,-0.43,-1.16
2024-08-28T13:22:17.326785,0.24,-0.49,-0.67
2024-08-28T13:22:17.574729,0.06,-0.49,-0.55
2024-08-28T13:22:17.809871,-0.61,-0.98,-0.67
2024-08-28T13:22:18.417610,0.06,-0.85,-0.85
2024-08-28T13:22:18.657470,-0.18,-0.67,-0.98
2024-08-28T13:22:18.884953,0.55,-0.12,-0.92
2024-08-28T13:22:19.127189,0.12,-0.24,-0.92
2024-08-28T13:22:19.370043,0.18,-0.43,-1.04
2024-08-28T13:22:19.617640,0.24,-0.55,-1.04
2024-08-28T13:22:19.848094,0.06,-0.55,-0.98
2024-08-28T13:22:20.089669,0.0,-0.49,-0.92
2024-08-28T13:22:20.328161,-0.31,-0.49,-0.92
2024-08-28T13:22:20.583510,-0.18,-0.37,-0.92
2024-08-28T13:22:20.824424,-0.24,-0.31,-0.98
2024-08-28T13:22:21.059032,-0.37,-0.31,-1.04
2024-08-28T13:22:21.289889,-0.31,-0.31,-1.04
2024-08-28T13:22:21.522570,-0.61,-0.79,-0.98
2024-08-28T13:22:21.766736,-0.43,-0.92,-0.92
2024-08-28T13:22:21.995567,-0.24,-0.61,-0.85
2024-08-28T13:22:22.233895,-0.92,-0.61,-0.98
2024-08-28T13:22:22.472920,0.12,-0.79,-0.49
2024-08-28T13:22:22.714915,0.37,-0.79,-0.43
2024-08-28T13:22:22.950760,-0.12,-0.37,-0.73
2024-08-28T13:22:23.187675,-0.67,-0.43,-0.85
2024-08-28T13:22:23.413843,-0.24,-0.79,-0.73
2024-08-28T13:22:23.651991,0.55,-0.55,-0.73
2024-08-28T13:22:24.142543,-0.49,-0.37,-1.04
2024-08-28T13:22:24.372353,0.0,-0.18,-1.1
2024-08-28T13:22:24.944508,-0.24,-0.49,-0.98
2024-08-28T13:22:25.183564,-0.12,-0.49,-1.04
2024-08-28T13:22:25.429175,-0.37,-0.55,-1.1
2024-08-28T13:22:25.661903,-0.55,-0.73,-1.16
2024-08-28T13:22:25.883108,-0.12,-0.85,-0.92
2024-08-28T13:22:26.139504,-0.61,-0.49,-1.04
2024-08-28T13:22:26.374504,-1.04,-0.18,-1.1
2024-08-28T13:22:26.579513,-0.98,-0.43,-0.92
2024-08-28T13:22:26.817718,0.24,-1.1,-0.73
2024-08-28T13:22:27.058674,-0.67,-0.92,-1.1
2024-08-28T13:22:27.282533,-0.73,-0.24,-1.16
2024-08-28T13:22:27.520909,-1.16,0.12,-1.1
2024-08-28T13:22:27.775231,0.12,-0.31,-0.43
2024-08-28T13:22:27.997308,-0.06,-0.73,-0.55
2024-08-28T13:22:28.240875,-0.73,-0.67,-1.1
2024-08-28T13:22:28.465568,-0.55,-0.67,-1.22
2024-08-28T13:22:28.707714,-0.67,-0.61,-1.04
2024-08-28T13:22:28.922607,-0.24,-0.31,-0.73
2024-08-28T13:22:29.176544,-0.61,-0.55,-0.73
2024-08-28T13:22:29.411678,-0.43,-0.55,-0.85
2024-08-28T13:22:30.011854,-0.73,-0.79,-0.98
2024-08-28T13:22:30.263913,-0.37,-0.67,-0.98
2024-08-28T13:22:30.500362,-0.92,-0.73,-0.98
2024-08-28T13:22:30.723447,-0.67,-0.61,-0.98
2024-08-28T13:22:30.975708,-0.67,-0.49,-0.98
2024-08-28T13:22:31.197539,-0.92,-0.73,-0.92
2024-08-28T13:22:31.429039,-0.98,-0.92,-0.92
2024-08-28T13:22:32.024884,-0.67,-1.1,-0.79
2024-08-28T13:22:32.258906,-1.59,-1.53,-0.92
2024-08-28T13:22:32.496110,-1.28,-0.85,-1.04
2024-08-28T13:22:32.752714,-2.14,-0.92,-1.22
2024-08-28T13:22:32.985193,-0.49,-0.61,-0.92
2024-08-28T13:22:33.224629,-0.67,-0.85,-0.79
2024-08-28T13:22:33.454762,-0.98,-0.79,-1.04
2024-08-28T13:22:33.684464,-0.67,-0.73,-0.98
2024-08-28T13:22:33.921449,-0.73,-0.92,-0.85
2024-08-28T13:22:34.159397,-0.18,-0.61,-0.85
2024-08-28T13:22:34.393730,-1.1,-0.67,-0.98
2024-08-28T13:22:34.621720,-0.49,-1.1,-0.79
2024-08-28T13:22:34.861426,-0.85,-1.22,-0.73
2024-08-28T13:22:35.084847,-1.04,-0.79,-0.85
2024-08-28T13:22:35.354959,-0.49,-0.55,-0.85
2024-08-28T13:22:35.637703,-1.04,-1.16,-0.49
2024-08-28T13:22:35.870191,-0.37,-0.79,-0.67
2024-08-28T13:22:36.138979,-1.22,-0.85,-0.92
2024-08-28T13:22:36.377101,-0.67,-0.92,-0.85
2024-08-28T13:22:36.610163,-0.18,-0.92,-0.79
2024-08-28T13:22:36.841310,-1.16,-0.49,-1.04
2024-08-28T13:22:37.077496,-0.55,0.0,-0.98
2024-08-28T13:22:37.305674,-0.61,-0.18,-0.85
2024-08-28T13:22:37.547307,-0.24,-0.24,-0.98
2024-08-28T13:22:37.818435,-0.37,-0.12,-1.16
2024-08-28T13:22:38.086229,-0.06,0.0,-1.22
2024-08-28T13:22:38.339249,-0.06,0.06,-1.16
2024-08-28T13:22:38.566056,-0.79,-0.06,-1.16
2024-08-28T13:22:38.810184,-0.24,-0.24,-0.92
2024-08-28T13:22:39.048603,-0.18,-0.37,-0.79
2024-08-28T13:22:39.292114,-0.43,-0.24,-1.04
2024-08-28T13:22:39.527269,-1.04,-0.67,-1.28
2024-08-28T13:22:39.763633,-1.16,-0.67,-1.22
2024-08-28T13:22:39.997977,-0.55,-0.92,-0.79
2024-08-28T13:22:40.727874,0.18,-0.61,-0.55
2024-08-28T13:22:40.975285,-0.24,-0.61,-0.67
2024-08-28T13:22:41.213078,-0.55,-0.43,-0.85
2024-08-28T13:22:41.455644,-0.67,-0.55,-1.04
2024-08-28T13:22:41.683178,-0.49,-0.73,-1.04
2024-08-28T13:22:41.953413,-0.24,-0.79,-1.04
2024-08-28T13:22:42.194719,0.12,-0.73,-0.92
2024-08-28T13:22:42.433777,-0.43,-0.85,-0.92
2024-08-28T13:22:42.658405,0.24,-0.67,-0.79
2024-08-28T13:22:42.905330,-0.06,-0.55,-0.79
2024-08-28T13:22:43.132277,-0.67,-0.79,-0.92
2024-08-28T13:22:43.375519,-0.43,-0.85,-0.92
2024-08-28T13:22:43.617397,-0.79,-1.04,-0.98
2024-08-28T13:22:43.875553,-0.43,-0.85,-0.92
2024-08-28T13:22:44.119939,-0.12,-0.73,-0.79
2024-08-28T13:22:44.357078,-0.18,-0.61,-0.92
2024-08-28T13:22:44.585299,0.06,-0.55,-0.92
2024-08-28T13:22:44.831102,-0.37,-0.67,-0.98
2024-08-28T13:22:45.075301,-0.12,-0.49,-0.98
2024-08-28T13:22:45.357025,-0.49,-0.37,-0.98
2024-08-28T13:22:45.610549,-0.55,-0.24,-0.85
2024-08-28T13:22:45.910171,-0.61,-0.61,-0.85
2024-08-28T13:22:46.369325,-0.43,-0.61,-0.92
2024-08-28T13:22:46.609465,-0.61,-0.55,-1.04
2024-08-28T13:22:46.845456,-0.92,-0.55,-1.1
2024-08-28T13:22:47.084033,-0.92,-0.67,-0.92
2024-08-28T13:22:47.306224,-1.1,-0.67,-0.92
2024-08-28T13:22:47.543373,-1.46,-0.61,-1.16
2024-08-28T13:22:47.784807,-1.04,-0.73,-1.04
2024-08-28T13:22:48.020533,-0.31,-0.55,-0.79
2024-08-28T13:22:48.272819,-0.49,-0.85,-0.73
2024-08-28T13:22:48.500127,-0.43,-1.16,-0.55
2024-08-28T13:22:48.751578,-0.61,-0.37,-0.85
2024-08-28T13:22:48.988987,-0.85,-0.79,-1.04
2024-08-28T13:22:49.221360,0.06,-0.79,-0.98
2024-08-28T13:22:49.455802,-0.92,-0.37,-0.98
2024-08-28T13:22:49.692396,-0.31,0.24,-1.04
2024-08-28T13:22:50.168607,0.12,0.24,-0.98
2024-08-28T13:22:50.405555,0.0,0.12,-1.22
2024-08-28T13:22:50.633422,0.12,-0.12,-1.22
2024-08-28T13:22:50.870198,-0.18,-0.43,-1.1
2024-08-28T13:22:51.095656,-0.18,-0.61,-0.73
2024-08-28T13:22:51.325623,-0.37,-0.61,-0.67
2024-08-28T13:22:51.559329,-0.49,-0.61,-0.73
2024-08-28T13:22:51.784774,-0.67,-0.61,-0.92
2024-08-28T13:22:52.014184,-0.49,-0.61,-1.04
2024-08-28T13:22:52.243494,-0.37,-0.37,-1.1
2024-08-28T13:22:52.470914,-0.55,-0.31,-1.16
2024-08-28T13:22:52.695063,-0.61,-0.37,-0.98
2024-08-28T13:22:52.940279,-0.49,-0.37,-0.92
2024-08-28T13:22:53.192219,-0.85,-0.55,-0.92
2024-08-28T13:22:53.421543,-0.79,-0.67,-1.04
2024-08-28T13:22:53.645504,-0.85,-0.73,-0.98
2024-08-28T13:22:53.884077,-0.67,-0.55,-0.92
2024-08-28T13:22:54.114429,-0.79,-0.43,-0.79
2024-08-28T13:22:54.346733,-0.92,-0.43,-0.85
2024-08-28T13:22:54.574407,-0.73,-0.61,-0.98
2024-08-28T13:22:54.806610,-0.37,-0.55,-1.1
2024-08-28T13:22:55.030397,-0.79,-0.49,-1.04
2024-08-28T13:22:55.272298,-0.79,-0.61,-0.85
2024-08-28T13:22:55.492385,-0.55,-0.55,-0.73
2024-08-28T13:22:55.740454,-0.37,-0.37,-0.85
2024-08-28T13:22:55.978717,-0.49,-0.37,-0.98
2024-08-28T13:22:56.216142,0.0,-0.37,-1.04
2024-08-28T13:22:56.455392,-0.24,-0.43,-1.1
2024-08-28T13:22:56.681289,-0.37,-0.06,-1.22
2024-08-28T13:22:56.899644,-0.31,-0.31,-1.16
2024-08-28T13:22:57.136434,-0.12,-0.67,-0.85
2024-08-28T13:22:57.362408,-0.24,-0.73,-0.73
2024-08-28T13:22:57.597864,-0.24,-0.67,-0.79
2024-08-28T13:22:57.847313,-0.24,-0.67,-0.85
2024-08-28T13:22:58.087192,0.0,-0.61,-0.79
2024-08-28T13:22:58.318770,0.0,-0.49,-0.92
2024-08-28T13:22:58.542278,0.0,-0.37,-0.85
2024-08-28T13:22:58.787603,0.06,-0.49,-0.85
2024-08-28T13:22:59.011876,-0.18,-0.73,-0.92
2024-08-28T13:22:59.248180,-0.37,-0.73,-0.98
2024-08-28T13:22:59.485788,-0.43,-0.73,-0.98
2024-08-28T13:22:59.809970,-0.24,-0.61,-0.79
2024-08-28T13:23:00.036248,-0.12,-0.37,-0.79
2024-08-28T13:23:00.284079,-0.12,-0.43,-0.98
2024-08-28T13:23:00.517285,-0.18,-0.55,-1.1
2024-08-28T13:23:00.746361,-0.49,-0.61,-1.04
2024-08-28T13:23:00.971761,-0.12,-0.73,-0.85
2024-08-28T13:23:01.212154,0.24,-0.61,-0.73
2024-08-28T13:23:01.459442,0.06,-0.55,-0.73
2024-08-28T13:23:01.700852,-0.37,-0.49,-0.98
2024-08-28T13:23:01.938968,-0.37,-0.61,-1.04
2024-08-28T13:23:02.172114,-0.31,-0.61,-0.92
2024-08-28T13:23:02.401793,0.31,-0.55,-0.73
2024-08-28T13:23:02.645666,0.0,-0.61,-0.73
2024-08-28T13:23:02.896173,-0.18,-0.43,-0.92
2024-08-28T13:23:03.134257,-0.24,-0.37,-0.98
2024-08-28T13:23:03.372186,0.06,-0.49,-0.92
2024-08-28T13:23:03.603986,0.06,-0.61,-0.85
2024-08-28T13:23:03.835255,0.37,-0.49,-0.79
2024-08-28T13:23:04.061721,-0.31,-0.49,-0.85
2024-08-28T13:23:04.285630,-0.12,-0.43,-0.92
2024-08-28T13:23:04.516757,-0.06,-0.49,-0.85
2024-08-28T13:23:04.747324,0.18,-0.49,-0.85
2024-08-28T13:23:04.992944,-0.12,-0.37,-0.92
2024-08-28T13:23:05.227939,-0.37,-0.31,-0.92
2024-08-28T13:23:05.474919,-0.18,-0.43,-0.79
2024-08-28T13:23:05.699604,-0.18,-0.49,-0.73
2024-08-28T13:23:05.938590,-0.18,-0.61,-0.73
2024-08-28T13:23:06.209313,-0.18,-0.61,-0.79
2024-08-28T13:23:06.433096,-0.43,-0.55,-0.92
2024-08-28T13:23:06.681361,-0.37,-0.49,-1.04
2024-08-28T13:23:06.910265,-0.55,-0.55,-0.98
2024-08-28T13:23:07.505916,-0.37,-0.55,-0.98
2024-08-28T13:23:07.727909,-0.73,-0.61,-1.04
2024-08-28T13:23:07.943385,-0.49,-0.61,-0.98
2024-08-28T13:23:08.160495,-0.18,-0.67,-0.92
2024-08-28T13:23:08.416555,-0.61,-0.79,-0.92
2024-08-28T13:23:08.643949,-0.37,-0.67,-0.92
2024-08-28T13:23:08.874742,-0.61,-0.73,-0.92
2024-08-28T13:23:09.098452,-0.43,-0.67,-0.85
2024-08-28T13:23:09.318290,-0.61,-0.43,-0.92
2024-08-28T13:23:09.550572,-0.67,-0.49,-1.04
2024-08-28T13:23:09.781587,-0.85,-0.55,-1.04
2024-08-28T13:23:10.011807,-0.67,-0.79,-0.92
2024-08-28T13:23:10.239580,-0.73,-0.79,-0.92
2024-08-28T13:23:10.481524,-0.49,-0.67,-0.85
2024-08-28T13:23:10.699026,-0.49,-0.67,-0.92
2024-08-28T13:23:10.943042,-0.55,-0.55,-0.98
2024-08-28T13:23:11.181273,-0.73,-0.55,-1.1
2024-08-28T13:23:12.420742,-0.61,-0.55,-1.04
2024-08-28T13:23:12.659522,-0.49,-0.67,-0.92
2024-08-28T13:23:12.883144,-0.55,-0.73,-0.85
2024-08-28T13:23:13.116080,-0.55,-0.55,-0.85
2024-08-28T13:23:13.352717,-0.55,-0.49,-0.85
2024-08-28T13:23:13.576512,-0.67,-0.55,-0.92
2024-08-28T13:23:13.810953,-0.37,-0.67,-0.85
2024-08-28T13:23:14.047835,-0.43,-0.61,-0.92
2024-08-28T13:23:14.309472,-0.43,-0.55,-0.92
2024-08-28T13:23:14.543748,-0.79,-0.61,-0.98
2024-08-28T13:23:14.782419,-0.61,-0.61,-0.92
2024-08-28T13:23:15.279259,-0.37,-0.55,-0.92
2024-08-28T13:23:15.511549,-0.49,-0.61,-0.92
2024-08-28T13:23:15.743598,-0.43,-0.55,-0.92
2024-08-28T13:23:15.978859,-0.55,-0.67,-0.92
2024-08-28T13:23:16.231898,-0.49,-0.67,-0.92
2024-08-28T13:23:16.473768,-0.55,-0.67,-0.85
2024-08-28T13:23:16.707221,-0.43,-0.61,-0.92
2024-08-28T13:23:16.963774,-0.49,-0.55,-0.92
2024-08-28T13:23:17.217183,-0.73,-0.61,-0.98
2024-08-28T13:23:17.458162,-0.49,-0.61,-0.92
2024-08-28T13:23:17.699173,-0.43,-0.55,-0.92
2024-08-28T13:23:17.943656,-0.43,-0.49,-0.92
2024-08-28T13:23:18.180410,-0.43,-0.55,-0.92
2024-08-28T13:23:18.441173,-0.31,-0.61,-0.92
2024-08-28T13:23:18.692702,-0.43,-0.67,-0.92
2024-08-28T13:23:18.922338,-0.12,-0.92,-0.67
2024-08-28T13:23:19.160242,0.31,-0.67,-0.67
2024-08-28T13:23:19.406986,-0.73,-0.67,-0.92
2024-08-28T13:23:19.632334,-0.43,-0.43,-0.73
2024-08-28T13:23:19.868722,-0.24,-0.61,-0.73
2024-08-28T13:23:20.093155,-0.67,-0.85,-0.79
2024-08-28T13:23:20.338070,-0.37,-0.79,-0.85
2024-08-28T13:23:20.564859,-0.67,-0.61,-0.79
2024-08-28T13:23:20.819431,-0.18,-0.43,-0.67
2024-08-28T13:23:21.056509,-0.67,-0.55,-0.85
2024-08-28T13:23:21.292286,-0.55,-0.49,-0.98
2024-08-28T13:23:21.547229,-0.61,-0.61,-1.1
2024-08-28T13:23:21.797063,-0.55,-0.49,-1.1
2024-08-28T13:23:22.033051,-0.43,-0.55,-0.92
2024-08-28T13:23:22.263618,-0.49,-0.73,-0.79
2024-08-28T13:23:22.511186,-0.43,-0.61,-0.79
2024-08-28T13:23:22.743655,-0.55,-0.55,-0.85
2024-08-28T13:23:22.985594,-0.49,-0.61,-0.85
2024-08-28T13:23:23.216655,-0.37,-0.67,-0.85
2024-08-28T13:23:23.440908,-0.43,-0.73,-0.85
2024-08-28T13:23:23.693779,-0.61,-0.55,-1.04
2024-08-28T13:23:23.947688,-0.43,-0.49,-0.92
2024-08-28T13:23:24.212391,-0.55,-0.55,-0.85
2024-08-28T13:23:24.454902,-0.43,-0.55,-0.92
2024-08-28T13:23:24.701457,-0.61,-0.61,-0.98
2024-08-28T13:23:24.928344,-0.43,-0.55,-1.04
2024-08-28T13:23:25.166032,-0.61,-0.61,-0.98
2024-08-28T13:23:25.389867,-0.43,-0.61,-0.85
2024-08-28T13:23:25.640598,-0.31,-0.61,-0.85
2024-08-28T13:23:25.878434,-0.55,-0.49,-0.98
2024-08-28T13:23:26.114459,-0.37,-0.49,-1.04
2024-08-28T13:23:26.346110,-0.73,-0.55,-1.04
2024-08-28T13:23:26.578444,-0.24,-0.49,-1.04
2024-08-28T13:23:26.813899,-0.55,-0.55,-0.92
2024-08-28T13:23:27.050668,-0.55,-0.55,-0.98
2024-08-28T13:23:27.282014,-0.49,-0.55,-0.92
2024-08-28T13:23:27.515313,-0.61,-0.55,-0.98
2024-08-28T13:23:27.782325,-0.61,-0.55,-1.04
2024-08-28T13:23:28.066279,-0.49,-0.55,-1.04
2024-08-28T13:23:28.305557,-0.43,-0.55,-1.04
2024-08-28T13:23:28.543635,-0.37,-0.49,-0.98
2024-08-28T13:23:28.781329,-0.43,-0.61,-0.85
2024-08-28T13:23:29.030818,-0.24,-0.67,-0.85
2024-08-28T13:23:29.276224,-0.37,-0.73,-0.92
2024-08-28T13:23:29.508696,-0.43,-0.37,-0.98
2024-08-28T13:23:29.758699,-0.73,-0.37,-1.04
2024-08-28T13:23:30.015323,-0.49,-0.43,-0.98
2024-08-28T13:23:30.243823,-0.67,-0.73,-0.92
2024-08-28T13:23:30.479427,-0.24,-0.79,-0.92
2024-08-28T13:23:30.713774,-0.24,-0.61,-0.92
2024-08-28T13:23:30.956006,-0.55,-0.55,-0.98
2024-08-28T13:23:31.186797,-0.55,-0.61,-0.92
2024-08-28T13:23:31.410640,-0.67,-0.67,-0.98
2024-08-28T13:23:31.647967,-0.37,-0.55,-1.04
2024-08-28T13:23:31.875532,-0.55,-0.55,-1.04
2024-08-28T13:23:32.118864,-0.24,-0.55,-0.92
2024-08-28T13:23:32.360457,-0.37,-0.61,-0.79
2024-08-28T13:23:32.595794,-0.43,-0.49,-0.92
2024-08-28T13:23:32.842150,-0.79,-0.43,-0.98
2024-08-28T13:23:33.075501,-0.67,-0.49,-0.98
2024-08-28T13:23:33.308985,-0.49,-0.61,-0.92
2024-08-28T13:23:33.543935,-0.43,-0.55,-0.92
2024-08-28T13:23:33.781782,-0.61,-0.55,-1.04
2024-08-28T13:23:34.025633,-0.73,-0.49,-1.04
2024-08-28T13:23:34.261430,-0.49,-0.55,-0.98
2024-08-28T13:23:34.479379,-0.67,-0.55,-0.98
2024-08-28T13:23:34.714476,-0.43,-0.49,-0.98
2024-08-28T13:23:34.960813,-0.31,-0.49,-0.92
2024-08-28T13:23:35.192264,-0.49,-0.49,-0.98
2024-08-28T13:23:35.431915,-0.49,-0.55,-0.92
2024-08-28T13:23:35.662996,-0.49,-0.55,-0.92
2024-08-28T13:23:35.893168,-0.43,-0.55,-0.92
2024-08-28T13:23:36.131898,-0.31,-0.43,-0.98
2024-08-28T13:23:36.359518,-0.49,-0.43,-0.98
2024-08-28T13:23:36.651242,0.0,-0.55,-0.85
2024-08-28T13:23:36.880026,-0.24,-0.67,-0.92
2024-08-28T13:23:37.109641,-0.31,-0.55,-0.98
2024-08-28T13:23:37.342826,-0.37,-0.49,-0.92
2024-08-28T13:23:37.598192,-0.31,-0.55,-0.85
2024-08-28T13:23:37.842971,-0.37,-0.61,-0.85
2024-08-28T13:23:38.229167,-0.24,-0.49,-0.98
2024-08-28T13:23:38.628110,-0.43,-0.67,-0.92
2024-08-28T13:23:38.881047,-0.18,-0.55,-0.98
2024-08-28T13:23:39.113763,-0.49,-0.55,-0.98
2024-08-28T13:23:39.347804,-0.24,-0.55,-0.92
2024-08-28T13:23:39.939061,-0.18,-0.67,-0.92
2024-08-28T13:23:40.167991,-0.49,-0.61,-1.04
2024-08-28T13:23:40.770544,-0.37,-0.49,-0.98
2024-08-28T13:23:40.995309,-0.24,-0.37,-0.85
2024-08-28T13:23:41.233719,-0.12,-0.31,-0.98
2024-08-28T13:23:41.459833,-0.73,-0.61,-1.1
2024-08-28T13:23:41.695231,-0.12,-0.67,-0.85
2024-08-28T13:23:41.931032,-0.18,-0.61,-0.79
2024-08-28T13:23:42.143215,-0.18,-0.55,-0.79
2024-08-28T13:23:42.379714,-0.18,-0.49,-0.85
2024-08-28T13:23:42.607388,-0.12,-0.49,-0.98
2024-08-28T13:23:42.828770,-0.24,-0.55,-1.04
2024-08-28T13:23:43.046840,0.06,-0.43,-0.92
2024-08-28T13:23:43.579978,0.0,-0.55,-0.85
2024-08-28T13:23:43.792003,-0.12,-0.61,-0.85
2024-08-28T13:23:44.022033,-0.12,-0.55,-0.85
2024-08-28T13:23:44.248077,-0.31,-0.55,-0.92
2024-08-28T13:23:44.852147,-0.12,-0.49,-0.85
2024-08-28T13:23:45.081877,-0.18,-0.61,-0.92
2024-08-28T13:23:45.302217,0.0,-0.61,-0.92
2024-08-28T13:23:45.530302,-0.06,-0.55,-0.92
2024-08-28T13:23:45.743581,-0.06,-0.49,-0.85
2024-08-28T13:23:45.965271,0.0,-0.55,-0.92
2024-08-28T13:23:46.178542,0.0,-0.55,-0.85
2024-08-28T13:23:46.439828,0.0,-0.49,-0.85
2024-08-28T13:23:46.978092,0.0,-0.49,-0.85
2024-08-28T13:23:47.200328,-0.12,-0.61,-0.85
2024-08-28T13:23:47.434584,-0.06,-0.61,-0.85
2024-08-28T13:23:47.660115,-0.31,-0.67,-0.92
2024-08-28T13:23:47.886900,-0.12,-0.55,-0.92
2024-08-28T13:23:48.093434,-0.24,-0.61,-0.85
2024-08-28T13:23:48.330855,0.06,-0.61,-0.85
2024-08-28T13:23:48.553978,0.12,-0.61,-0.85
2024-08-28T13:23:48.794491,0.06,-0.55,-0.85
2024-08-28T13:23:49.013326,-0.06,-0.61,-0.79
2024-08-28T13:23:49.244528,-0.24,-0.61,-0.92
2024-08-28T13:23:49.466559,-0.18,-0.55,-0.92
2024-08-28T13:23:49.711190,-0.37,-0.61,-0.98
2024-08-28T13:23:49.932168,-0.37,-0.55,-0.98
2024-08-28T13:23:50.154500,-0.49,-0.61,-0.92
2024-08-28T13:23:50.377860,-0.43,-0.55,-0.98
2024-08-28T13:23:50.613561,-0.49,-0.79,-0.85
2024-08-28T13:23:50.845695,-0.43,-0.73,-0.98
2024-08-28T13:23:51.078874,-0.67,-0.73,-0.98
2024-08-28T13:23:51.313341,-0.55,-0.67,-0.98
2024-08-28T13:23:51.528139,-0.43,-0.31,-0.98
2024-08-28T13:23:51.743646,-0.85,-0.43,-1.04
2024-08-28T13:23:51.966462,-0.55,-0.49,-0.98
2024-08-28T13:23:52.200391,-0.73,-1.04,-0.85
2024-08-28T13:23:52.429530,-0.43,-0.73,-0.92
2024-08-28T13:23:52.645555,-0.61,-0.67,-0.92
2024-08-28T13:23:52.888856,-0.61,-0.55,-0.92
2024-08-28T13:23:53.131929,-0.31,-0.61,-0.92
2024-08-28T13:23:53.364078,-0.61,-0.55,-1.04
2024-08-28T13:23:53.600770,-0.55,-0.43,-1.04
2024-08-28T13:23:53.829785,-0.37,-0.79,-0.79
2024-08-28T13:23:54.072232,-0.06,-0.92,-0.67
2024-08-28T13:23:54.294736,-0.24,-0.67,-0.79
2024-08-28T13:23:54.510804,-1.28,-0.31,-1.1
2024-08-28T13:23:54.728219,-0.79,-0.55,-0.98
2024-08-28T13:23:54.959787,-0.55,-0.98,-0.79
2024-08-28T13:23:55.195699,-0.12,-0.92,-0.79
2024-08-28T13:23:55.419285,-0.73,-0.67,-1.04
2024-08-28T13:23:55.647913,-0.79,-0.43,-1.04
2024-08-28T13:23:55.883936,-0.61,-0.49,-0.85
2024-08-28T13:23:56.114663,-0.61,-0.55,-0.85
2024-08-28T13:23:56.331982,-0.55,-0.61,-0.98
2024-08-28T13:23:56.549091,-0.55,-0.67,-0.92
2024-08-28T13:23:56.812486,-0.12,-0.61,-0.85
2024-08-28T13:23:57.057758,-0.67,-0.73,-0.85
2024-08-28T13:23:57.297978,-0.79,-0.67,-0.92
2024-08-28T13:23:57.526078,-0.79,-0.79,-0.79
2024-08-28T13:23:57.766955,-0.67,-0.79,-0.92
2024-08-28T13:23:57.990455,-0.61,-0.61,-0.98
2024-08-28T13:23:58.212420,-0.73,-0.55,-0.92
2024-08-28T13:23:58.439318,-0.43,-0.49,-0.98
2024-08-28T13:23:58.664424,-0.55,-0.61,-0.92
2024-08-28T13:23:58.879946,-0.67,-0.55,-0.98
2024-08-28T13:23:59.123486,-0.61,-0.55,-0.92
2024-08-28T13:23:59.347261,-0.43,-0.55,-0.92
2024-08-28T13:23:59.567152,-0.49,-0.61,-0.92
2024-08-28T13:24:00.109708,-0.24,-0.55,-0.85
2024-08-28T13:24:00.342094,-0.37,-0.67,-0.85
2024-08-28T13:24:00.568762,-0.37,-0.61,-0.92
2024-08-28T13:24:00.795172,-0.79,-0.79,-0.92
2024-08-28T13:24:01.040355,-0.67,-0.61,-0.92
2024-08-28T13:24:01.274759,-0.55,-0.43,-0.85
2024-08-28T13:24:01.504655,-0.61,-0.55,-0.98
2024-08-28T13:24:01.725789,-0.61,-0.67,-0.92
2024-08-28T13:24:01.955635,-0.67,-0.85,-0.98
2024-08-28T13:24:02.177306,-0.43,-0.67,-0.92
2024-08-28T13:24:02.405644,-0.55,-0.67,-0.92
2024-08-28T13:24:02.620420,-0.61,-0.67,-0.92
2024-08-28T13:24:02.847266,-0.24,-0.73,-0.92
2024-08-28T13:24:03.072881,-0.49,-0.55,-1.04
2024-08-28T13:24:03.291400,-0.61,-0.37,-1.1
2024-08-28T13:24:03.520666,-0.67,-0.43,-0.92
2024-08-28T13:24:03.744315,-0.49,-0.85,-0.73
2024-08-28T13:24:03.971385,-0.31,-0.73,-0.92
2024-08-28T13:24:04.207517,-0.55,-0.31,-0.85
2024-08-28T13:24:04.677630,0.0,-0.92,-0.79
2024-08-28T13:24:04.927072,0.92,-0.55,-0.43
2024-08-28T13:24:05.521819,0.18,-0.43,-0.55
2024-08-28T13:24:05.766384,-0.18,-0.37,-0.98
2024-08-28T13:24:05.998912,-1.22,-0.73,-1.16
2024-08-28T13:24:06.233310,0.79,-0.61,-0.79
2024-08-28T13:24:06.461874,-0.49,-0.85,-0.98
2024-08-28T13:24:06.689959,-0.55,-0.55,-1.04
2024-08-28T13:24:06.926710,-0.79,-0.37,-1.04
2024-08-28T13:24:07.159461,-0.37,-0.61,-0.79
2024-08-28T13:24:07.506360,-0.55,-0.92,-0.73
2024-08-28T13:24:07.753435,-0.06,-0.79,-0.79
2024-08-28T13:24:07.988708,-0.31,-0.61,-0.98
2024-08-28T13:24:08.618387,-0.31,-0.24,-1.04
2024-08-28T13:24:08.848559,-0.31,-0.31,-0.85
2024-08-28T13:24:09.093015,-0.61,-0.55,-0.85
2024-08-28T13:24:09.330921,-0.37,-0.67,-0.98
2024-08-28T13:24:09.578217,-0.98,-0.79,-1.1
2024-08-28T13:24:09.820669,-0.06,-0.55,-0.92
2024-08-28T13:24:10.225592,-1.22,-0.49,-0.98
2024-08-28T13:24:10.475550,-0.73,-0.31,-0.98
2024-08-28T13:24:10.706024,-1.28,-0.73,-0.98
2024-08-28T13:24:12.161441,-0.24,-0.85,-0.79
2024-08-28T13:24:12.405574,-0.43,-0.92,-0.73
2024-08-28T13:24:12.646837,-1.22,-0.67,-0.98
2024-08-28T13:24:12.880410,-0.85,-0.61,-0.85
2024-08-28T13:24:13.125221,-0.55,-0.73,-0.73
2024-08-28T13:24:13.365096,-0.61,-0.73,-0.73
2024-08-28T13:24:13.614834,-0.37,-0.55,-0.79
2024-08-28T13:24:13.855120,-0.37,-0.43,-0.92
2024-08-28T13:24:14.086843,0.0,-0.37,-0.98
2024-08-28T13:24:14.312668,-0.24,-0.67,-0.92
2024-08-28T13:24:14.583073,-0.31,-0.67,-0.92
2024-08-28T13:24:14.816877,0.06,-0.49,-0.85
2024-08-28T13:24:15.056969,-0.12,-0.49,-0.98
2024-08-28T13:24:15.652570,-0.55,-0.37,-1.1
2024-08-28T13:24:15.901023,-0.67,-0.43,-1.1
2024-08-28T13:24:16.150146,-1.53,-0.73,-1.16
2024-08-28T13:24:16.394438,-0.18,-0.73,-0.85
2024-08-28T13:24:16.630659,-0.67,-0.92,-0.92
2024-08-28T13:24:16.891416,-0.37,-0.55,-0.92
2024-08-28T13:24:17.130134,-0.24,-0.49,-0.85
2024-08-28T13:24:17.375132,-0.55,-0.31,-1.1
2024-08-28T13:24:17.625609,-0.31,-0.31,-1.04
2024-08-28T13:24:17.863938,-0.61,-0.49,-1.04
2024-08-28T13:24:18.114257,-0.55,-0.61,-1.04
2024-08-28T13:24:18.692686,-0.43,-0.61,-1.04
2024-08-28T13:24:18.927311,-0.55,-0.55,-1.04
2024-08-28T13:24:19.164831,-0.73,-0.55,-0.98
2024-08-28T13:24:19.416891,-0.31,-0.61,-0.85
2024-08-28T13:24:19.664846,-0.43,-0.49,-0.98
2024-08-28T13:24:19.900348,-0.49,-0.43,-1.1
2024-08-28T13:24:20.159444,-0.31,-0.43,-1.04
2024-08-28T13:24:20.716085,-0.98,-0.55,-0.98
2024-08-28T13:24:20.966083,-0.55,-0.85,-0.85
2024-08-28T13:24:21.200891,-0.49,-0.73,-0.98
2024-08-28T13:24:21.450272,-0.79,-0.67,-0.98
2024-08-28T13:24:21.728911,-0.31,-0.61,-0.85
2024-08-28T13:24:21.966283,-0.37,-0.67,-0.73
2024-08-28T13:24:22.211763,0.61,-0.85,-0.67
2024-08-28T13:24:22.473415,-0.12,-0.61,-0.92
2024-08-28T13:24:22.727540,-0.92,-0.43,-1.04
2024-08-28T13:24:22.965680,-0.18,-0.18,-0.92
2024-08-28T13:24:23.213399,-0.06,-0.67,-0.73
2024-08-28T13:24:23.454947,-0.31,-0.61,-0.92
2024-08-28T13:24:23.702731,-0.49,-0.37,-1.04
2024-08-28T13:24:23.976876,-0.49,-0.49,-0.92
2024-08-28T13:24:24.222175,-0.37,-0.49,-0.85
2024-08-28T13:24:24.469947,-0.55,-0.55,-0.79
2024-08-28T13:24:24.717718,-0.24,-0.55,-0.79
2024-08-28T13:24:25.035645,-0.06,-0.73,-0.79
2024-08-28T13:24:25.278353,0.24,-0.37,-0.85
2024-08-28T13:24:25.529989,-0.49,-0.24,-1.1
2024-08-28T13:24:25.760818,-0.24,0.06,-1.22
2024-08-28T13:24:26.034798,-0.12,-0.55,-0.92
2024-08-28T13:24:26.298151,0.37,-0.73,-0.85
2024-08-28T13:24:26.539009,-0.18,-0.67,-0.98
2024-08-28T13:24:26.786353,-0.06,-0.24,-0.92
2024-08-28T13:24:27.032542,-0.24,-0.49,-0.85
2024-08-28T13:24:27.263284,0.18,-0.73,-0.79
2024-08-28T13:24:27.498829,-0.06,-0.67,-1.04
2024-08-28T13:24:27.742189,-0.18,-0.43,-1.16
2024-08-28T13:24:27.977776,-0.24,-0.18,-0.98
2024-08-28T13:24:28.233209,0.0,-0.37,-0.79
2024-08-28T13:24:28.471294,-0.06,-0.61,-0.79
2024-08-28T13:24:28.724060,-0.06,-0.55,-0.92
2024-08-28T13:24:28.971738,-0.37,-0.55,-1.04
2024-08-28T13:24:29.225681,-1.04,-0.67,-1.1
2024-08-28T13:24:29.473039,-0.37,-0.61,-0.92
2024-08-28T13:24:29.718039,-0.92,-0.55,-0.85
2024-08-28T13:24:29.986219,-0.73,-0.61,-0.85
2024-08-28T13:24:30.443235,-0.49,-0.67,-0.85
2024-08-28T13:24:30.684772,-0.18,-0.55,-0.85
2024-08-28T13:24:30.928219,-0.31,-0.49,-0.92
2024-08-28T13:24:31.157908,-0.49,-0.24,-0.92
2024-08-28T13:24:31.402563,-0.12,-0.37,-0.67
2024-08-28T13:24:31.659405,-0.67,-0.73,-0.73
2024-08-28T13:24:31.904004,0.06,-0.73,-0.73
2024-08-28T13:24:32.346747,-0.37,-0.79,-0.79
2024-08-28T13:24:32.599928,-0.43,-0.55,-0.98
2024-08-28T13:24:33.079341,-0.85,-0.43,-1.04
2024-08-28T13:24:33.314720,-0.24,-0.49,-0.85
2024-08-28T13:24:33.539467,-0.18,-0.61,-0.85
2024-08-28T13:24:33.787025,-0.12,-0.49,-0.92
2024-08-28T13:24:34.003881,-0.49,-0.49,-0.98
2024-08-28T13:24:34.247276,-0.49,-0.55,-1.04
2024-08-28T13:24:34.864848,-0.49,-0.55,-0.98
2024-08-28T13:24:35.118182,-0.49,-0.79,-0.85
2024-08-28T13:24:35.343671,0.31,-0.73,-0.67
2024-08-28T13:24:35.580966,-0.37,-0.67,-0.85
2024-08-28T13:24:35.817377,-0.37,-0.55,-0.98
2024-08-28T13:24:36.059195,-0.79,-0.61,-0.85
2024-08-28T13:24:36.290169,-0.37,-0.85,-0.79
2024-08-28T13:24:36.893910,-1.1,-0.98,-0.98
2024-08-28T13:24:37.130830,-0.37,-0.73,-0.92
2024-08-28T13:24:37.355767,-0.73,-0.49,-0.92
2024-08-28T13:24:37.583996,-0.73,-0.43,-0.98
2024-08-28T13:24:37.810395,-0.79,-0.49,-0.92
2024-08-28T13:24:38.036382,-0.79,-0.67,-0.98
2024-08-28T13:24:38.258859,-0.49,-0.85,-0.98
2024-08-28T13:24:38.493284,-0.73,-0.67,-0.98
2024-08-28T13:24:38.718948,-0.37,-0.55,-0.85
2024-08-28T13:24:38.947133,-0.79,-0.61,-0.85
2024-08-28T13:24:39.169460,-0.67,-0.49,-0.92
2024-08-28T13:24:39.397135,-0.67,-0.61,-0.98
2024-08-28T13:24:39.625639,-0.06,-0.55,-0.85
2024-08-28T13:24:39.858306,-1.16,-0.92,-0.85
2024-08-28T13:24:40.120542,0.12,-0.37,-0.92
2024-08-28T13:24:40.355019,-1.16,-0.49,-0.98
2024-08-28T13:24:40.590005,-0.61,-0.24,-1.04
2024-08-28T13:24:40.842993,-1.89,-0.43,-1.28
2024-08-28T13:24:41.077551,-1.71,-1.22,-1.46
2024-08-28T13:24:41.306832,14.4,-0.67,-0.18
2024-08-28T13:24:41.599126,1.1,-0.55,-0.24
2024-08-28T13:24:41.822200,-1.28,-0.85,-0.98
2024-08-28T13:24:42.075286,-1.46,-0.18,-1.4
2024-08-28T13:24:42.305344,0.06,-0.06,-1.04
2024-08-28T13:24:42.542196,0.0,-0.92,-0.67
2024-08-28T13:24:42.788469,-0.43,-0.85,-0.85
2024-08-28T13:24:43.030556,-0.92,-0.73,-1.22
2024-08-28T13:24:43.284976,-0.85,-0.55,-1.28
2024-08-28T13:24:43.536635,-0.67,-0.61,-0.85
2024-08-28T13:24:43.789027,-0.67,-0.73,-0.73
2024-08-28T13:24:44.035427,-0.49,-0.61,-0.85
2024-08-28T13:24:44.285319,-0.18,-0.31,-1.04
2024-08-28T13:24:44.533985,-0.12,-0.24,-1.04
2024-08-28T13:24:44.769372,-0.37,-0.61,-0.92
2024-08-28T13:24:45.012140,0.0,-0.85,-0.98
2024-08-28T13:24:45.245833,-0.61,-0.73,-1.1
2024-08-28T13:24:45.486911,-0.49,-0.49,-1.04
2024-08-28T13:24:45.729469,-0.79,-0.61,-0.85
2024-08-28T13:24:45.959010,-0.49,-0.55,-0.79
2024-08-28T13:24:46.187811,-0.24,-0.55,-0.92
2024-08-28T13:24:46.431096,-0.31,-0.67,-0.98
2024-08-28T13:24:46.663197,-0.31,-0.73,-0.85
2024-08-28T13:24:46.903096,-0.24,-0.37,-0.79
2024-08-28T13:24:47.132378,-0.67,-0.49,-0.79
2024-08-28T13:24:47.368668,-0.55,-0.49,-0.98
2024-08-28T13:24:47.612553,-0.85,-0.79,-0.92
2024-08-28T13:24:47.851372,-0.37,-0.85,-0.79
2024-08-28T13:24:48.082575,-0.67,-0.67,-0.85
2024-08-28T13:24:48.312510,-0.24,-0.55,-0.85
2024-08-28T13:24:48.547698,-0.67,-0.55,-0.98
2024-08-28T13:24:48.768007,-0.37,-0.49,-0.98
2024-08-28T13:24:49.000464,-0.43,-0.43,-1.04
2024-08-28T13:24:49.256001,-0.61,-0.61,-0.92
2024-08-28T13:24:49.483735,-0.24,-0.67,-0.92
2024-08-28T13:24:49.716770,-0.55,-0.67,-0.92
2024-08-28T13:24:49.933224,-0.61,-0.67,-0.92
2024-08-28T13:24:50.182074,-0.55,-0.55,-0.92
2024-08-28T13:24:50.406880,-0.55,-0.61,-0.92
2024-08-28T13:24:50.637284,-0.49,-0.67,-0.92
2024-08-28T13:24:50.862831,-0.43,-0.67,-0.92
2024-08-28T13:24:51.096188,-0.43,-0.55,-0.92
2024-08-28T13:24:51.330913,-0.49,-0.55,-0.92
2024-08-28T13:24:51.556318,-0.55,-0.55,-0.92
2024-08-28T13:24:51.783719,-0.55,-0.49,-0.98
2024-08-28T13:24:52.032522,-0.31,-0.49,-0.98
2024-08-28T13:24:52.267032,-0.61,-0.61,-0.98
2024-08-28T13:24:52.501678,-0.24,-0.55,-0.92
2024-08-28T13:24:52.729382,-0.43,-0.61,-0.92
2024-08-28T13:24:52.962341,-0.31,-0.55,-0.85
2024-08-28T13:24:53.199674,-0.37,-0.55,-0.92
2024-08-28T13:24:53.421049,-0.18,-0.49,-0.92
2024-08-28T13:24:53.656831,-0.55,-0.61,-0.92
2024-08-28T13:24:53.882986,-0.18,-0.61,-0.92
2024-08-28T13:24:54.114545,-0.55,-0.61,-0.92
2024-08-28T13:24:54.343334,-0.24,-0.67,-0.85
2024-08-28T13:24:54.609417,-0.31,-0.67,-0.85
2024-08-28T13:24:54.848531,-0.98,-0.67,-1.04
2024-08-28T13:24:55.074053,-0.12,-0.55,-0.98
2024-08-28T13:24:55.323691,-0.61,-0.61,-0.92
2024-08-28T13:24:55.562540,-0.24,-0.49,-0.98
2024-08-28T13:24:55.788203,-0.31,-0.49,-0.98
2024-08-28T13:24:56.037531,-0.31,-0.43,-1.04
2024-08-28T13:24:56.268337,-0.55,-0.67,-0.92
2024-08-28T13:24:56.494183,-0.06,-0.61,-0.92
2024-08-28T13:24:56.733084,-0.73,-0.73,-0.92
2024-08-28T13:24:56.969032,-0.12,-0.49,-0.92
